{
  "fwd_top1": 0.24643585085868835,
  "fwd_top5": 0.5855397582054138,
  "bwd_top1": 0.13340122997760773,
  "bwd_top5": 0.3523421883583069,
  "subj": 1,
  "tag": "audit_s1_stage1_final_best32",
  "n_samples": 982
}