{
  "mean_offdiag_mean_cos": 0.5358967979749044,
  "mean_offdiag_isrsa": 0.583759986346664,
  "tag": "isrsa_audit_audit_s1_stage1_final_best32",
  "N": 982
}