Metric,Value
CCD_Hard_K1,0.5682281059063137
CCD_Hard_K2,0.40427698574338083
CCD_Random_K2,0.9490835030549898
