Metric,Value
FWD@1_mean,0.43444444437821705
FWD@1_std,0.02437869985117167
BWD@1_mean,0.25822222282489143
BWD@1_std,0.020953801528296543
