Metric,Value
FWD@1,0.24643585085868835
FWD@5,0.585539698600769
BWD@1,0.13340121507644653
BWD@5,0.3523421585559845
