Metric,Value
RSA_Pearson,0.35993707180023193
RSA_Spearman,0.2607363921673944
