Metric,Value
2AFC_B2I,0.9904748201370239
2AFC_I2B,0.9784458875656128
2AFC_RandomCheck,0.5054331421852112
